,video_id,definition,categoryID,likes_to_views,duration_to_views,captioning,dislikes_to_views,title_length,subscriber_count,descrp_length,publish_month,numVides_on_Channel,popularity,likes_to_dislikes,views_to_subscribers,views_to_daysActive
0,epUk3T2Kfno,0,15,0.003836127,7.53862e-06,0,0.000122069,20,1524,83,3,22,1,31.41433499,7.13248e-05,6291.827739
1,_TP-ZzKbXJk,0,19,0.002016619,7.77046e-05,0,0.000124574,28,114,352,9,5,1,16.2029703,7.0294e-05,504.4354588
2,NEjz111Hsaw,0,19,0.010038072,0.000370868,0,0.000522773,32,3353,1,2,18,1,19.15665796,0.004563044,373.4984678
3,1SqBdS0XkV4,0,15,0.006935206,7.63009e-05,0,0.000117176,78,5653,639,2,315,1,59.18992248,0.00257101,948.8354158
4,5ZBTNENUaOU,1,23,0.009235762,4.84543e-05,0,0.000250822,32,599930,622,7,307,1,36.83333333,0.56374761,582.0138198
5,sVn9gqAD1LE,0,15,0.005535744,1.2923e-05,0,5.11046e-05,16,105,43,8,25,1,108.3103448,6.16498e-05,796.2454418
6,CLDSE7RHvno,0,15,0.007193761,2.40451e-05,0,0.000247347,13,385,89,9,2,1,29.08741522,7.17509e-05,2515.604313
7,#NAME?,0,1,0.001827826,2.67713e-05,1,0.001111694,31,168007,98,6,396,1,1.65502385,0.028608616,1594.561275
8,#NAME?,1,29,0.002139784,0.000207197,0,4.52067e-05,40,42,0,11,122,1,47.33333333,5.27324e-05,387.5790754
9,xFi7C8gCyQs,1,15,0.005874652,1.34972e-05,0,0.000113039,15,41,57,4,2,1,51.97014925,6.91708e-05,312.2950474
10,V5e73Gk2lLg,0,23,0.001482724,4.31374e-05,0,4.71502e-05,20,1012,108,1,499,1,31.44680851,0.001015171,605.2677596
11,dTAAsCNK7RA,0,10,0.006791761,1.13706e-05,0,0.000104204,26,5762160,73,2,6189,1,64.93168993,0.180329977,11984.33246
12,3oem-M2tQU4,1,24,0.01105945,1.06981e-05,0,0.000326201,32,736752,1239,9,58,1,33.8856191,0.133852125,3955.523297
13,a1Y73sPHKxw,0,23,0.003759283,1.32e-07,0,0.000114643,17,5635,39,6,1,1,32.82345065,0.00012385,13797.66374
14,LJ0sDES7Dpc,0,23,0.003656807,2.12387e-05,0,9.12015e-05,15,65,132,8,3,1,40.20547945,8.11673e-05,370.233472
15,Pi1uQV4wJ0Q,0,15,0.001745923,0.000205202,0,0.000268472,17,42,17,8,13,1,6.503184713,7.1818e-05,179.9421538
16,AEPvSo8bE2I,0,23,0.002299387,5.98e-07,0,7.97962e-05,86,14389,65,8,12,1,28.79208979,0.000614588,13049.49331
17,YIMigVo1pyA,1,15,0.002661975,3.15254e-05,0,0.000103675,22,783,163,3,6,1,25.61775586,0.000100416,4053.754413
18,xHMkBFreJLA,0,15,0.0035076,7.21384e-05,0,0.000116572,18,205,52,3,2,1,30.0941704,0.000107134,983.2903392
19,uHIVQFOT0Vk,1,22,0.005505071,9.82352e-05,0,0.000102491,29,770,53,3,43,1,53.73356401,0.000272647,1458.37332
20,nzOJ7-LQFHo,0,23,0.002944843,4.36825e-05,0,8.73651e-05,24,54,74,6,1,1,33.70731707,5.75299e-05,284.6097635
21,y9HiJVBA0CE,1,23,0.000515822,1.82055e-05,0,4.72239e-05,28,23934,327,11,1058,1,10.92523364,0.002644093,4408.366245
22,EwTZ2xpQwpA,0,10,0.006996245,4.89523e-06,1,0.000943631,44,1008634,2923,4,92,1,7.423045892,0.00925809,32421.82748
23,EmcMG4uxiHk,1,20,0.010936001,8.93308e-05,0,0.000190027,60,1563523,59,12,695,1,57.5400898,0.186938098,4013.136631
24,Ig-pZ4OyidY,0,23,0.009777087,0.000182144,0,0.000163945,33,10968,197,8,20,1,59.64199815,0.001662648,3069.383899
25,iu6yofL8m4o,0,23,0.001651797,2.67678e-05,0,0.000247045,40,560,20,11,101,1,6.693002257,0.000312585,867.0115942
26,iurBQbs8iy8,0,25,0.002370759,2.56832e-05,0,0.000552683,44,23483,148,4,6,1,4.292225201,0.011592411,1303.164736
27,oXsTexVtnMQ,0,23,0.008808785,0.000160245,0,0.000246483,36,576877,283,9,595,1,35.73062262,0.18083398,1504.371523
28,dwGm0v0BJbw,0,22,0.00917194,3.76015e-05,0,0.000893975,11,142,68,4,4,1,10.26182965,0.000133448,559.1623752
29,v9Bj_W16kEw,0,15,0.001708832,8.25363e-05,0,2.24499e-05,50,54,189,4,25,1,76.14705882,3.56405e-05,671.0062002
30,g3jOlQqDPzQ,1,23,0.001375624,7.18467e-06,0,7.63969e-05,31,73,68,2,12,1,18.00626959,1.74823e-05,2606.521848
31,LbNl3J8HXw4,0,23,0.004607473,2.56446e-06,0,6.95253e-05,41,2113,28,12,60,1,66.17598909,0.000200005,6347.042797
32,cQhHHMmPKc4,1,24,0.003939989,5.41818e-05,0,0.000263963,70,3973,429,6,101,1,14.92631579,0.00552589,327.6668184
33,_tmMZv62BX4,1,17,0.002085931,2.26036e-06,0,5.57554e-05,56,440,26,4,51,1,37.41441441,5.52413e-05,4154.955138
34,hx10K3n5_Oc,0,23,0.003777226,3.2386e-05,0,7.84081e-05,22,1456,351,2,53,1,48.17391304,0.002480083,366.4422236
35,j9LBLSL5gz0,0,15,0.004203375,4.35959e-05,0,0.000288823,17,9761,36,4,103,1,14.55345912,0.017708615,208.7686765
36,vR_VhfxAnXU,0,22,0.006605629,1.01995e-05,0,0.00014489,25,6239,40,2,3,1,45.59530938,0.000451145,7047.214468
37,KZ-slvv_ZT4,0,27,0.004169773,1.20998e-05,0,0.000125031,26,308,153,5,18,1,33.35235732,9.55431e-05,2133.472535
38,WLveMNQ9U9w,0,15,0.005998466,3.43278e-05,0,9.89149e-05,29,822,1050,3,5,1,60.67095116,0.000208956,1705.175119
39,PjNF7HoQ6yY,0,17,0.001538762,4.71628e-05,0,0.000127459,18,7027,239,1,395,1,12.05607477,0.002095821,1670.346288
40,8Qt95KUOX_8,0,23,0.005084496,4.86555e-05,0,0.000282681,23,603,207,11,2,1,17.99273608,0.000206398,2178.627144
41,muc0kaQtCMU,0,24,0.004938034,5.94288e-05,0,0.000245639,46,2562,93,11,147,1,20.10483871,0.000635296,1949.353764
42,TGASrdILe6c,0,17,0.002165322,2.20701e-05,0,7.23409e-05,28,54,95,2,6,1,30.03389831,6.61861e-05,416.4783053
43,YA82swbxyO8,0,22,0.002464229,0.000235302,0,7.57481e-05,20,5965,216,3,22,1,32.53191489,0.009671535,395.7806122
44,DzwwVZRRIro,1,17,0.005063381,0.000153914,0,0.000161807,69,81,78,1,5,1,31.2,8.06794e-05,508.6926927
45,LCYPGnJdO1U,1,43,0.007246619,3.50932e-05,0,0.000184307,29,1136236,622,12,428,1,39.36434868,0.100948127,4648.329422
46,NsMww3hJ3bY,0,17,0.007326915,4.37186e-05,0,0.00018378,14,177,50,5,6,1,39.87665198,0.000142484,816.40846
47,R_B1PkgA3kA,0,24,0.001087685,2.41951e-05,0,6.71218e-05,35,180014,1501,4,15852,1,16.21395349,0.028099856,4179.985007
48,Dsg8JccRZCw,0,15,0.003163975,1.27492e-06,0,4.4622e-05,38,412,63,11,3,1,70.95102041,7.4631e-05,1748.471992
49,PzQadza_vlA,0,22,0.003718975,2.00424e-05,0,8.57368e-05,14,126,14,10,1,1,43.37662338,0.000140259,253.9836019
50,d5mK7dzyUkM,1,23,0.007244334,5.06597e-06,0,3.9804e-05,46,513,188,2,9,1,182.0654545,7.3794e-05,3527.887698
51,3dJy_fV2Wzg,0,23,0.007501142,1.69217e-05,0,0.000113617,53,88,79,12,6,1,66.03546099,7.08999e-05,741.0071642
52,0Au_8GMUxVs,0,23,0.002702355,2.10079e-05,0,7.04227e-05,37,569,217,4,11,1,38.37898687,7.50215e-05,3336.783164
53,VoH96OLrrHk,0,22,0.001220939,2.84975e-06,0,9.33292e-05,49,5228,117,3,138,1,13.10114504,0.000938212,3561.870006
54,FuuUR515xDM,0,23,0.005138728,7.52568e-06,0,0.000129573,15,295,95,5,6,1,39.66414141,9.61924e-05,2004.179672
55,lYr5UPHPcOY,0,24,0.002689798,3.32074e-05,0,0.000141131,8,43,35,3,13,1,19.05882353,4.46176e-05,611.9022222
56,WJq4jWSQNd8,0,23,0.007258749,5.01e-07,0,0.000132339,13,1306,99,6,3,1,54.89267677,0.000216905,2697.65045
57,gwUX4cSwrRk,1,23,0.008892494,1.23354e-05,0,0.0002045,59,1899176,544,1,277,1,43.52271035,0.032150149,36310.66749
58,kfVsfOSbJY0,1,10,0.006067693,4.23519e-06,0,0.022665366,45,1289451,395,9,154,1,0.26665291,0.0133394,55136.81357
59,ytHUb9U6i7I,1,24,0.002886022,5.40225e-06,0,0.000281963,32,452,9,1,1,1,10.23765432,7.8532e-05,2880.081745
60,46wdNU8ndUc,0,22,0.031369155,0.000425166,0,0.00129752,10,1011169,90,1,174,1,24.17885117,1.722840815,249.2224567
61,hya9xxn7CA0,0,24,0.00298543,5.37833e-06,0,0.000176391,51,810,282,7,2,1,16.91894682,7.3706e-05,6027.477759
62,ufdlOj1SbVo,0,23,0.005941178,0.000103548,0,0.001451331,37,1048,409,6,10,1,4.104903079,0.000869926,652.1810345
63,7xrU5BxaPWo,0,24,0.013194912,0.000112673,0,0.000925845,9,1804033,334,11,299,1,14.23703203,0.376653837,2332.059454
64,s_xKK6beECU,0,15,0.002564604,1.4725e-05,0,0.0001178,41,6314,102,3,61,1,21.78125,0.003873526,708.7414168
65,flMYR_qeyNc,1,23,0.005035149,5.19048e-06,0,9.26597e-05,18,1616,156,10,5,1,54.34854772,0.000310637,2489.09378
66,ggg3C87UVCY,1,28,0.008385473,4.06755e-05,0,0.000494132,25,0,1050,2,57,1,16.9847561,0.0,2064.247205
67,_OBlgSz8sSM,0,23,0.001851871,6.66e-08,0,0.000274784,31,334055,775,5,54,1,6.743554055,0.000397465,252391.0018
68,6bVa6jn4rpE,0,25,0.002469451,3.47051e-05,0,0.000187723,52,962,360,9,236,1,13.15885234,0.000126678,2367.714063
69,qaIFr3M67vI,0,23,0.008028505,0.000241223,0,5.89248e-05,23,503,47,10,64,1,136.25,0.000926204,259.969842
70,TUwid-nesg8,1,17,0.00040442,1.79476e-05,0,3.94848e-05,41,3148,1133,9,406,1,10.24242424,0.003772452,393.3157647
71,6gPJo25sb80,0,23,0.001650886,1.20016e-05,0,7.20096e-05,28,4153,1144,11,115,1,22.92592593,0.001847425,1088.084623
72,RP4abiHdQpc,0,23,0.003249154,1.90616e-06,0,0.000128282,54,74565,408,1,32,1,25.31106491,0.000869263,43316.71192
73,tBb4cjjj1gI,0,1,0.003707685,3.16569e-05,1,0.000146681,52,2749975,2624,4,131,1,25.28725038,0.309564126,3373.536854
74,7cSudpyEU9w,0,24,0.003214912,9.48e-07,0,0.00010788,19,15398,189,12,22,1,29.75155455,0.000470049,16222.50793
75,I4S2Gu7ZDT0,0,23,0.005310247,6.91613e-06,0,0.000170003,28,1385933,98,8,901,1,31.23622047,0.309004044,1784.384952
76,xYapljom1XI,0,22,0.004425477,0.000156852,0,0.000364631,42,708686,112,1,618,1,12.13687151,0.722686859,359.4033675
77,0UIdI8khMkw,0,22,0.003292174,1.26644e-06,0,9.32473e-05,33,1481,0,11,1,1,35.29311212,6.95497e-05,10315.85438
78,0_eR0PmDXfs,1,23,0.000968098,0.000207506,1,4.81287e-05,41,91,328,10,5,1,19.90322581,7.39213e-05,735.0416185
79,LU_qVnISDXQ,1,10,0.006227636,4.29268e-05,0,0.000168455,57,521,623,1,0,1,36.96911197,0.00016878,1527.57228
80,9UywRu8QPXA,0,17,0.000786362,3.05149e-05,0,0.00019373,62,4553,623,4,63,1,4.058884298,0.001023925,3224.150968
81,NJLrcG64ulU,0,22,0.006043711,2.61038e-05,0,0.000361331,29,1254,84,8,52,1,16.72813688,0.00086206,675.2388683
82,9iLaoEhrkDc,0,23,0.007534087,6.61249e-05,0,0.000106837,27,1052,553,12,30,1,70.55582524,0.00027345,1621.733501
83,k9iOxL4C0u8,0,22,0.003018718,6.8029e-05,0,0.000275435,20,135,57,8,8,1,10.95983936,7.46525e-05,555.5698925
84,k-INUzgV_SY,1,22,0.005364142,4.24288e-06,0,0.000206922,28,617,1992,11,79,1,25.87578616,0.000100504,4605.427607
85,YZEbBZ2IrXE,1,24,0.005147928,1.18426e-05,0,0.000118067,37,182,38,4,1,1,43.49393939,6.52954e-05,1467.016316
86,lwDHK0REuMs,1,23,0.006609569,1.40033e-05,0,0.000411418,32,576875,283,2,595,1,16.06122449,0.1615541,1812.054287
87,IgIxlxiqvdM,0,2,0.001800515,2.26956e-05,0,4.53911e-05,51,62,75,5,17,1,39.69047619,6.69836e-05,613.3863486
88,J---aiyznGQ,0,23,0.007165389,1.24104e-06,0,0.000272238,47,106507,692,6,219,1,26.37772076,0.002404774,13386.74608
89,0VuIShM5kAQ,0,26,0.00236058,5.05261e-06,0,7.14944e-05,35,2784,0,8,28,1,33.02826855,0.00070415,1573.056019
90,NXE2U3TDZwM,0,25,0.00082831,8.7851e-05,0,9.86083e-05,47,105,179,10,12,1,8.406060606,6.27342e-05,681.7625255
91,ee925OTFBCA,1,1,0.00477677,6.86e-07,0,0.000146004,13,10025,42,4,3,1,32.76041924,0.000181679,24399.73471
92,fAis3VOjBXY,0,2,0.0024831,1.19036e-05,0,3.9282e-05,13,5614,666,2,207,1,63.21212121,0.006669381,525.3958724
93,olLp8Cssh_M,0,23,0.003406843,1.11269e-05,0,4.78792e-05,62,1355,26,5,117,1,71.16197183,0.000457811,1323.644801
94,BScrP-lW60E,0,25,0.003129812,0.00019709,0,5.09333e-05,11,6889,198,2,29807,1,61.47826087,0.005087044,686.7769894
95,uxkr4wS7XqY,0,24,0.00219177,3.34055e-05,0,0.000665635,28,637,61,2,2,1,3.292103517,5.62827e-05,2979.95366
96,Pb8UBl_rWwk,0,23,0.002594539,0.000694684,0,0.000288136,20,63,108,10,2,1,9.00456621,8.28848e-05,362.1205336
97,BPnP_zlYU44,1,23,0.015271303,2.17065e-05,0,0.000471482,16,602367,661,8,427,1,32.42063216,0.049301777,6862.038202
98,lvD8WcrdK5o,0,23,0.003260481,1.5429e-05,0,0.000199475,21,1086,44,11,70,1,16.3480663,0.000598355,650.2959513
99,EYoJTAUK0UM,0,23,0.006054195,4.28291e-06,0,0.000184777,8,622,130,2,6,1,32.77152318,0.000380526,1028.037107
100,S2HIda5wSVU,1,1,0.001615397,7.14488e-06,1,0.000210657,36,307962,580,3,91,1,7.673908224,0.01436949,9281.984402
101,ErMWX--UJZ4,0,10,0.006652118,2.30495e-06,0,0.000182061,18,106026,0,12,6,1,36.4955007,0.00159694,27634.25094
102,eTosQerWBzU,0,24,0.002389063,7.44257e-06,0,0.005899887,30,3966,20,2,1,1,0.405073937,0.000820062,1412.80403
103,5YGc4zOqozo,0,10,0.005682692,3.27093e-05,0,0.00011907,21,12871,1600,7,28,1,47.73301486,0.000813653,6188.40493
104,BymeLkZ7GqM,0,1,0.006059071,6.14043e-05,0,0.000183829,86,12465,781,1,63,1,33.03131524,0.00480835,1110.598127
105,y7FJRbSGb5c,0,23,0.002744772,1.62477e-05,0,8.44879e-05,27,197,37,11,21,1,32.48717949,0.000106688,525.173777
106,tEIGqD80N6U,0,15,0.000845071,5.5861e-05,0,0.001035913,26,1223,390,3,64,1,0.81616239,0.000243069,1879.08874
107,MyZwDcLGknU,0,23,0.003121699,8.63478e-06,0,0.000130431,17,441,154,12,19,1,23.94250871,0.000100648,2640.367127
108,llHKUzjggg4,0,23,0.005594045,0.000233768,1,0.001398139,15,144,518,1,24,1,4.001064963,0.000214374,217.1053652
109,BQRMvg5TAl8,0,24,0.004386759,1.92075e-05,0,5.93895e-05,29,416635,253,2,1146,1,73.82299742,0.032075287,6573.362948
110,Vw4KVoEVcr0,0,15,0.00578485,2.06186e-06,0,0.000135197,24,679,274,5,2,1,42.78868448,1.16689e-05,31442.40921
111,U8vxgjdCtQU,0,15,0.001939292,4.97254e-05,0,3.78861e-05,19,1605,682,4,53,1,51.1875,0.001917661,371.821743
112,tHqFWYYOUAM,1,10,0.012819191,6.51975e-05,0,0.000154844,99,626698,3146,4,652,1,82.45348837,0.080957951,4032.501042
113,nGeKSiCQkPw,0,24,0.004376551,7.83e-07,1,9.68279e-05,18,1213430,225,5,47,1,45.1732288,0.006733168,95260.24577
114,qybUFnY7Y8w,1,10,0.005425594,7.8615e-06,0,8.9154e-05,68,571958,709,3,209,1,60.69459173,0.010858613,22750.13805
115,6B7fKzdJAbo,1,17,0.001889307,2.34245e-05,0,5.89651e-05,40,104,277,11,1,1,32.04109589,8.39857e-05,922.0446761
116,HdPZqW7Z_9A,1,15,0.006260049,2.19383e-05,0,6.17102e-05,35,19963,107,3,71,1,101.2448513,0.002824187,3640.028836
117,nW7KEPtNGvA,0,10,0.003195025,2.73181e-05,0,5.58239e-05,27,113,5,9,16,1,57.23404255,0.000135344,476.1435839
118,VgfDKRNT654,0,17,0.003274663,9.27229e-05,0,0.000196263,59,303,357,5,4,1,16.68503937,0.000232563,684.43945
119,ess9bRJ0bPw,0,17,0.00608228,5.57155e-06,0,0.00013056,35,484,240,1,22,1,46.65291607,8.96425e-05,2704.855422
120,7LduDVpjpdA,0,15,0.004507776,1.72359e-05,0,7.69601e-05,12,259,0,1,27,1,58.58854167,0.000105005,1258.252648
121,Q5im0Ssyyus,0,23,0.004080496,6.04778e-06,0,0.000360916,19,14059,94,5,13,1,11.30578478,0.000209355,18053.16133
122,6h3G-lMZxjo,0,25,0.001579918,2.06956e-05,0,0.00048443,14,614,175,3,3,1,3.261626068,9.41153e-05,1913.170088
123,wNf0QT9r97I,0,15,0.012254698,2.43082e-05,0,7.69759e-05,12,145,58,11,21,1,159.254386,9.85542e-05,872.9628757
124,cdPGXClOE5g,0,23,0.002013618,2.0216e-05,0,1.2768e-05,30,68,68,12,1,1,157.75,3.61586e-05,932.3767972
125,iLx6ZeJNjmg,0,24,0.004315543,0.00021096,0,6.97663e-05,79,1009,692,9,53,1,61.97619048,0.000847382,687.6094641
126,8z4MTp_lDGU,0,24,0.002825474,3.72547e-05,0,4.90193e-05,8,19872,99,7,144,1,57.64,0.038996739,232.142467
127,swt4tCzuCxg,0,22,0.003958586,2.01352e-05,0,0.000252697,30,255,87,10,24,1,15.66135458,0.000256712,405.4416327
128,DIrQ9ilL8aw,1,24,0.005033087,0.000103533,1,0.00010972,91,721,516,12,353,1,45.92857143,0.000296777,1873.406178
129,KBluUZ4NnZg,1,15,0.00865468,1.05083e-05,0,8.25862e-05,22,11025,244,12,45,1,104.8413978,0.000815592,8159.46892
130,bNF_P281Uu4,0,19,0.005168693,2.0769e-05,0,0.000180854,28,134319,161,6,41,1,28.575,0.006905011,5304.415485
131,beWo2Ic3cbQ,0,15,0.00676989,1.40264e-05,0,0.001150452,21,3769,118,6,177,1,5.881431767,0.001081338,2340.752847
132,kQ_7GtE529M,1,15,0.003794165,8.11958e-06,0,0.000137646,15,88,23,11,5,1,27.56179775,3.40201e-05,1518.021714
133,4aTagDSnclk,1,15,0.004942426,2.50035e-05,0,8.67029e-05,15,1032,434,4,7,1,57.00829876,0.000184482,3606.682879
134,BujoOxjB3b4,0,23,0.004089159,1.97817e-05,0,9.93795e-05,54,87,161,4,46,1,41.19905213,4.09141e-05,628.5557198
135,rTZXRS0a51o,0,23,0.00136219,0.00025467,0,9.77223e-05,30,51,232,11,2,1,13.92424242,7.55061e-05,191.4518141
136,ERCpTrcmWrg,0,22,0.005729617,2.38424e-05,0,0.000206296,11,846,117,3,3,1,27.77295082,0.000142693,3753.034264
137,TFMs2w9Qexg,0,23,0.003027996,1.0356e-05,0,0.000189859,42,1643343,253,6,44,1,15.95123496,0.065914765,9729.320718
138,PMD5FS20tTY,0,23,0.004088902,0.000504308,0,0.000250613,15,71,72,10,3,1,16.31967213,7.29136e-05,395.0324544
139,QURja9e_EnQ,0,43,0.004245385,2.40371e-05,0,0.00113504,24,2548440,74,10,189,1,3.749175293,0.164477663,6336.975082
140,wiu_IX14wLI,1,22,0.001591594,2.15641e-05,0,3.16826e-05,36,2095,182,10,113,1,50.2460733,0.000347569,2904.847303
141,SRLZk2Rik0c,0,22,0.007933752,0.00017521,0,3.77698e-05,8,96,1,3,6,1,210.1388889,0.000100702,489.1251924
142,xOBikMoItV8,0,23,0.006222884,2.55635e-05,0,0.000147903,24,1086,43,11,70,1,42.08641975,0.001982848,196.3071685
143,EaIS7E_B9wQ,0,15,0.003830669,3.78749e-06,0,0.000212605,17,1031,229,5,26,1,18.00474496,0.000261012,1759.107904
144,d5exATIaQiI,0,2,0.004036186,0.000662049,0,0.000118272,35,2253,201,12,19,1,34.16091954,0.001529644,731.0019861
145,r_Ua8iOR0g8,1,24,0.011010577,3.58846e-05,0,0.000870304,8,25180,555,10,26,1,12.78836604,0.005199607,2340.181949
146,cz-iyah2i78,0,24,0.005920639,1.67344e-05,0,8.7019e-05,13,313,15,7,59,1,68.02564103,0.000346948,353.1863672
147,WSUs0LhYMaU,0,23,0.008234712,3.3999e-05,0,0.000189685,52,7031,178,10,1,1,43.41119627,0.000444543,9179.383411
148,CQzUsTFqtW0,0,15,0.00247965,6.6912e-06,0,7.22111e-05,17,277593,1317,6,227,1,34.34577114,0.012496514,6759.518058
149,N9oxmRT2YWw,0,23,0.003281286,8.2e-07,0,0.000117117,43,22145,142,3,1,1,27.89531453,0.000309095,37197.08093
150,iKL2cnVQpoI,1,15,0.002360585,8.71582e-05,0,0.000127385,31,75,60,2,1,1,18.55502392,4.38551e-05,1028.035066
151,#NAME?,0,23,0.007292234,2.75798e-05,0,0.000185835,43,195,210,12,8,1,39.27561837,0.000127969,554.9195193
152,0bomkgXeDkE,0,23,0.007385648,0.000124832,0,8.09922e-05,24,595,15,9,41,1,91.18597561,0.000147128,1629.36664
153,S0-z5ywDc0A,0,23,0.002493732,5.38603e-06,0,0.000160683,15,1586,104,10,255,1,15.52513966,0.0014268,649.7854227
154,MWDwZWCfp64,0,24,0.002438244,2.26916e-05,0,0.000216668,18,6143,89,4,128,1,11.21885522,0.004493718,883.5145443
155,fxVH5sKUlPg,0,24,0.00657394,2.25418e-05,0,8.94158e-05,20,760,31,7,42,1,72.98333333,0.000573494,607.4715002
156,rTUwqxHpXMY,1,24,0.008990031,7.095e-05,0,7.33596e-05,80,398,771,3,40,1,122.5547445,0.000105482,1931.35212
157,__dUlY0JpSc,0,23,0.008415235,1.84716e-05,0,0.000229461,13,6362,70,5,2,1,36.70974155,0.000734634,5837.306924
158,P0RWuyqkzeE,1,15,0.001504961,6.97746e-06,0,0.000610605,70,597,570,1,8,1,2.465854278,9.21927e-05,3923.327052
159,ay5AOSxHqFU,0,23,0.020436632,0.000242104,0,0.000514951,15,535,136,6,53,1,39.68656716,0.00102596,236.0489796
160,NSEd6O0bBFs,0,15,0.007444299,5.47975e-06,0,8.9689e-05,61,26987,1007,3,168,1,82.69888476,0.003022363,5742.223928
161,aA7iAMTAWHM,1,22,0.002076012,6.19413e-06,0,0.000134152,20,799,57,8,1,1,15.47087379,0.000130001,2871.091207
162,Z-IYk7YVW80,0,23,0.002429378,7.02407e-05,0,9.98157e-05,10,126,4,8,1,1,24.36507937,6.65179e-05,526.4669261
163,j54yGxuk0yo,0,17,0.006520767,2.56211e-05,0,0.000381303,63,39208,1775,10,190,1,17.09404234,0.007372049,1883.064116
164,3D5o3PYcJoM,1,23,0.005279139,0.000182775,0,0.000266158,43,2348,154,1,206,1,19.75561097,0.001588557,926.767284
165,x4o-TeMHys0,0,25,0.005279644,1.64568e-05,0,5.98212e-05,74,18125,265,10,1521,1,88.25301205,0.002177709,3988.885482
166,0qAuqq1LFnU,0,24,0.000803563,0.000810281,0,0.000847906,30,39,268,11,21,1,0.94770206,5.23889e-05,211.0666289
167,qBqZ62JpgHo,0,24,0.003966076,2.13786e-05,0,0.000274474,32,443,114,8,2,1,14.43859649,0.000305993,810.622905
168,XOBbmdJTLdE,0,23,0.004486948,0.000288714,0,0.00012058,38,81,7,8,32,1,37.21126761,0.000137546,204.264308
169,XTTDoT2RH40,1,15,0.002740424,1.08383e-05,0,8.00367e-05,11,23018,73,12,3618,1,34.23958333,0.009599156,1184.723457
170,4WVTG3dXuVM,0,15,0.00821362,1.1176e-05,0,3.87435e-05,38,137,1078,7,19,1,212.2115385,0.000101503,532.2227918
171,MVV_HXtEbLo,0,15,0.004175658,6.62132e-06,0,5.07165e-05,12,1026,185,11,3,1,82.15512465,0.000144762,2917.545193
172,4YBxeDN4tbk,0,23,0.003421078,0.000101275,0,0.000687862,27,641,140,12,4,1,4.974102413,0.000261149,895.5224801
173,tLPZmPaHme0,1,23,0.004781255,3.03774e-06,0,0.000151951,43,6301946,339,1,113,1,31.41040341,0.067104718,47354.01663
174,GJnn0sy_jDo,0,23,0.003661533,1.69254e-05,0,7.42838e-05,46,59,123,10,1,1,49.32911392,5.63765e-05,615.8987269
175,LXUSaVw3Mvk,0,10,0.003211169,1.55624e-06,0,0.000732576,36,22611721,175,11,123,1,4.402010909,0.086448871,109428.1092
176,m8rxXamfh5c,0,15,0.003226628,7.56767e-06,0,5.43751e-05,59,1784,228,8,15,1,59.35824742,0.000249807,3296.767206
177,SKRgktzRvZ0,0,15,0.004297715,3.68932e-06,0,0.000379485,38,3873,565,4,90,1,11.32737961,0.000331999,7593.91987
178,gnagemulucw,1,23,0.002652583,1.16337e-05,0,7.7655e-05,46,2711,527,4,27,1,34.09090909,0.000262544,5387.298539
179,O6Xo21L0ybE,0,15,0.004972302,4.12e-07,0,5.85406e-05,39,1796,78,6,252,1,84.86459378,0.000105424,7738.537517
180,YYfpjAkRyPI,0,15,0.005162689,0.00016859,0,7.87426e-05,78,168,126,12,14,1,65.57692308,0.000170551,491.5203373
181,fVWUaH2mCt4,0,23,0.002541943,4.04189e-06,0,2.991e-05,24,141,1,7,33,1,84.97297297,5.69873e-05,1141.253229
182,NPGUIpv-JxI,0,23,0.006798984,1.16816e-05,0,0.000161833,29,1117,86,3,9,1,41.98066784,0.000314002,1519.405359
183,oRr7N7A4Wc0,0,28,0.001919409,0.000175495,0,0.000399125,23,20074,200,1,54,1,4.809045226,0.020113493,424.1773713
184,kVXi_0H_ZzM,0,22,0.003352202,0.000633487,0,0.000104381,69,139,871,10,24,1,32.14942529,0.000165438,338.2591241
185,oiNaadVOQEM,1,28,0.002316845,3.27186e-05,0,0.0003918,32,685,81,8,1,1,5.914390756,0.000140942,1927.86196
186,jPETOynoev0,1,25,0.004058078,6.09704e-05,0,0.000360151,16,125,16,2,29,1,11.28346457,0.000178622,438.6809701
187,C3JPwxQkiug,0,15,0.00429553,2.31607e-06,0,4.55493e-05,44,98,37,10,12,1,94.30508475,7.56549e-05,622.7668269
188,wKsoXHYICqU,0,43,0.001810745,1.41584e-05,0,0.000538913,14,4893732,755,6,1026,1,3.360765616,0.182561975,8107.143763
189,YpKtvmAYhMQ,0,15,0.002864393,4.9788e-05,0,0.000108269,9,268,20,1,1,1,26.47080292,0.00010546,1275.447355
190,wueL_SOx4QM,0,23,0.001665603,2.8319e-05,0,0.000258597,18,210,43,12,96,1,6.438040346,0.000157223,429.5918694
191,2mNB_VG_shc,0,15,0.003862196,1.68402e-06,0,0.000338674,45,2986,563,6,19,1,11.41049724,0.000558735,2412.456227
192,QOVxr3RPQwQ,1,25,0.001078644,2.71202e-05,0,9.24552e-05,47,105,134,12,35,1,11.68,0.000129434,398.0500491
193,ZstObB4RVsQ,1,24,0.005200671,6.34956e-05,0,0.000430968,72,1628887,762,10,268,1,12.07027885,0.15944158,5916.523699
194,K-SmfybCbsY,0,25,0.007375849,6.71753e-06,0,9.93235e-05,31,318,13,9,205,1,74.39130435,0.000148169,981.3924706
195,Tx1XIm6q4r4,0,23,0.005376023,1.46951e-06,0,0.000197647,48,470860,29,3,124,1,27.23943831,0.002802994,49590.14239
196,Ss_Gm_N5C48,1,19,0.000436451,6.5662e-06,0,0.000738496,31,1011,681,10,4,1,0.590999819,0.000135337,5552.731399
197,FavUpD_IjVY,0,1,0.007593833,6.96527e-06,0,0.000291394,18,741913,240,7,61,1,26.07296617,0.02063563,16843.23842
198,rIX_6TBeph0,0,15,0.006728352,8.37638e-05,0,0.000110508,23,1197,1,3,13,1,60.90909091,0.000605502,862.6611714
199,Pa1pIO4_lUY,0,23,0.001588129,1.36461e-05,0,0.000602064,15,171,45,7,14,1,2.638712602,4.63736e-05,1003.80011
200,owGykVbfgUE,1,22,0.003588271,6.23e-07,1,7.86293e-05,45,562017,130,2,296,1,45.59270808,0.01059183,22603.32522
201,GYW5G2kbrKk,1,28,0.003565156,2.09527e-05,1,0.000674429,31,7269,351,3,15,1,5.287593642,0.000896803,5172.398343
202,dX_1B0w7Hzc,1,24,0.007217759,3.19109e-06,0,0.000188054,66,13494490,2158,10,59,1,38.40118071,0.110158162,90116.48344
203,FftZt-Dw_hQ,0,25,0.001756059,2.91451e-06,0,0.000414693,25,604,371,12,34,1,4.233444816,8.4222e-05,3005.481234
204,agV4s3O7Ysg,0,23,0.003756013,4.2092e-06,0,0.000197833,39,3836,65,4,104,1,18.98758865,0.001354962,1261.505752
205,23Te7QAsH6w,0,23,0.009280352,9.97247e-05,0,0.001473544,15,1449,68,3,17,1,6.300782236,0.000539359,713.4755839
206,6B26asyGKDo,0,1,0.005859598,2.4403e-05,0,0.000340358,52,16978,262,8,2,1,17.21828876,0.000641414,7354.405833
207,RI-l0tK8Ok0,0,22,0.001994726,1.20903e-05,0,3.94951e-05,50,690,272,9,4,1,50.37923251,6.19059e-05,3934.62302
208,CE0Q904gtMI,1,15,0.001896289,2.66745e-06,0,0.00025443,25,12293,498,12,1,1,7.451917198,0.000273047,34743.06873
209,lF8w3zN0xiA,0,17,0.000540522,1.41608e-05,0,1.57677e-05,49,135,128,12,20,1,34.2866242,1.33572e-05,4921.983193
210,Z3pEANxjaq0,0,23,0.002384297,1.3764e-05,0,3.56612e-05,27,44,78,11,3,1,66.87719298,2.75227e-05,779.8453659
211,aFztjgfDWDA,0,15,0.004788943,4.91846e-06,0,6.03878e-05,17,156,78,8,1,1,79.30769231,4.26207e-05,1461.736821
212,T2pgiw1aTlQ,0,2,0.000812182,1.26433e-05,0,9.93403e-05,11,106,180,6,18,1,8.175757576,6.38177e-05,452.7067321
213,_VtTzI69hvw,0,23,0.003549269,5.97281e-05,0,0.000128567,24,210,42,10,1,1,27.64566929,0.000212496,400.4266613
214,tNdevPxpclE,0,2,0.00393112,0.00021523,0,4.43121e-05,29,44,34,1,28,1,88.71428571,6.94997e-05,318.1386935
215,TXPQY_VRP6M,0,24,0.001813407,4.87921e-05,0,6.44281e-05,35,688,104,4,82,1,28.0787172,0.000129345,2343.94925
216,7PMqeXX_BiQ,0,24,0.005356899,0.000244072,0,8.0829e-05,41,69,92,12,27,1,66.2745098,0.000110939,310.2158309
217,hMtZfW2z9dw,1,1,0.006655012,1.87038e-06,1,0.000163108,36,2749957,1543,7,131,1,40.81498937,0.02071827,61250.55633
218,kl1ujzRidmU,1,22,0.011988633,2.39191e-05,0,0.00124328,42,60764,1965,2,97,1,9.639705882,0.001478837,25548.36172
219,4TshFWSsrn8,1,2,0.003300717,1.42851e-05,0,7.23487e-05,86,1076241,513,9,602,1,45.56546023,0.017416297,29130.48185
220,vNvjtyUh2OM,0,15,0.003925791,1.95126e-05,0,7.36e-05,35,390,512,10,18,1,53.34418605,0.00013348,1690.84838
221,eNBBvn7n0NU,0,17,0.000879018,4.36066e-05,0,0.000229509,11,41,49,8,12,1,3.83,4.70488e-05,346.6332538
222,2hngBzDDyFE,1,15,0.004872772,1.18947e-05,0,0.000147432,27,262,149,2,2,1,33.06581741,8.26205e-05,1630.272449
223,tw7CKnfk4JY,1,43,0.015457507,0.000279571,0,0.00068049,66,606256,1853,3,1029,1,22.71921182,0.398753919,774.5155763
224,DziF2L-3epk,0,23,0.002034221,6.54036e-05,0,2.85093e-05,57,333,143,7,67,1,71.35294118,0.000558395,273.9329352
225,LdlupO1bkHA,0,25,0.000895361,6.40497e-05,0,0.000286889,30,741991,148,11,57170,1,3.120930233,0.983587309,308.5553726
226,TtbrLIwKWWA,0,15,0.004697512,2.19425e-05,0,0.000110801,33,1342,109,9,60,1,42.40589198,0.000243511,2613.818483
227,doH_YUgwNXw,1,23,0.017613532,5.97568e-05,0,0.000395573,43,30145,316,3,84,1,44.54148936,0.012666035,1502.520228
228,6fbahS7VSFs,0,15,0.002440242,5.42042e-06,0,0.000423696,30,915,263,5,5,1,5.758792185,0.000137745,4355.87082
229,GI6CfKcMhjY,1,23,0.005077319,2.45515e-06,0,0.000130312,35,6301928,89,5,113,1,38.80331695,0.040956273,81618.67975
230,HXmOd0Ew0QI,1,15,0.004082664,0.000330127,0,0.000268894,24,2594,962,5,60,1,15.13776138,0.000862575,2000.995367
231,UPKb9z4l7eM,0,23,0.004566536,3.77736e-06,0,0.000132498,35,316,476,12,1,1,34.52412281,9.17634e-05,2060.824057
232,cL_qGMfbtAk,1,43,0.002669194,2.50205e-06,1,0.000136446,40,5200216,818,1,715,1,19.56143251,0.097716052,22571.59295
233,YersIyzsOpc,0,23,0.004995899,2.79342e-06,0,0.000326831,40,1643348,253,5,44,1,15.2970321,0.018570716,33781.90763
234,cMsGOgDQrAs,0,23,0.002838661,2.99213e-05,0,7.43206e-05,7,56,19,5,3,1,38.19480519,5.40503e-05,398.1825519
235,JpMwAHmnbS8,0,15,0.003634117,0.000230345,0,5.61584e-05,24,225,421,7,3,1,64.71186441,0.000215088,412.3759812
236,_JmA2ClUvUY,1,23,0.002466775,1.83128e-06,0,0.00015721,45,72696,327,2,3,1,15.66633895,0.000537188,68960.4624
237,Mk4bmK-acEM,0,15,0.008142881,1.04047e-05,0,0.000169476,64,806610,1199,9,693,1,48.01388889,0.051509035,7437.070142
238,iJGHhj3SVEY,0,25,0.002889997,1.27785e-05,0,0.000182196,50,1017,51,10,777,1,15.88914027,0.00042441,1402.830636
239,0rbMHLDY1pA,1,23,0.004328716,3.21515e-06,0,0.000337871,54,142175,298,2,87,1,12.81173796,0.009941196,7302.041305
240,aHjpOzsQ9YI,1,10,0.011229819,3.96575e-06,0,0.000183985,61,8129304,1998,2,77,1,61.04573269,0.053826258,95299.37077
241,vkG7FGVWsLA,1,25,0.003786538,7.3191e-06,0,3.95232e-05,25,443,70,1,10,1,95.90740741,0.000162375,1163.582128
242,bmTxB5nXlzk,0,23,0.002814481,4.77419e-05,0,6.14916e-05,17,261,260,2,5,1,45.76397516,9.9679e-05,1648.869018
243,kWBOWbAzfuM,0,1,0.002462834,0.000150326,0,0.000107107,38,1380,460,9,37,1,22.98830409,0.000867129,751.6348235
244,vJTXLuu7_0Y,0,23,0.00235112,2.61769e-05,0,0.000121772,19,1539,22,3,42,1,19.30884354,0.000254899,3860.415601
245,bG8Y4BUKF3I,0,23,0.003189434,0.000179182,0,0.00031966,19,620,192,6,48,1,9.977578475,0.000888097,271.9602649
246,A_mm_hOPNJg,0,2,0.003303027,3.08636e-05,1,4.25918e-05,29,72,97,4,29,1,77.55072464,4.44374e-05,1058.298498
247,QH2-TGUlwu4,0,23,0.008893557,2.92458e-06,0,0.000589366,19,78102,399,4,67,1,15.10507486,0.000576417,70932.79406
248,Cyrbyy1TRwg,0,22,0.003234994,4.10844e-05,0,0.000127135,26,569684,902,1,889,1,25.40253165,0.184400054,1891.914373
249,uJtWztnrmZg,0,22,0.015330304,0.000244881,0,0.000911294,15,1011175,13,1,174,1,16.82564103,0.950607927,450.7287279
250,3GRSbr0EYYU,0,24,0.00499573,3.20602e-06,0,0.000117804,46,2144,312,11,4,1,42.35141373,0.000146175,8660.309552
251,OQSNhk5ICTI,0,22,0.004900773,9.02443e-06,1,0.000194095,43,43654,293,1,2690,1,25.26878647,0.00100872,18260.18228
252,Y6a4T2tJaSU,0,1,0.002509226,0.000143763,0,0.000552912,22,1863,857,10,66,1,4.536334913,0.000271325,3291.608341
253,pTUtETu09oQ,1,22,0.014581065,0.000120918,0,0.003640434,71,39702,1052,8,47,1,4.007486049,0.019651572,798.8397309
254,GQge_Yn-SLM,0,24,0.011653258,2.17763e-05,0,0.000336609,29,784,28,3,26,1,34.58817087,0.000288943,1399.008776
255,yzytYXzFK7c,0,23,0.01016163,4.43663e-05,0,0.000139736,37,4395,251,8,14,1,72.59351621,0.001534406,1132.772547
256,0y59IJAVUqA,1,24,0.000716371,0.000228498,0,6.33e-05,35,263,72,3,147,1,11.31707317,0.000404487,242.4154192
257,UPlX3qF_7Xo,0,15,0.003302421,3.64707e-05,0,0.000124,36,1288,33,8,23,1,26.63970588,0.00118153,509.9409577
258,RA3_Ty3U29I,0,22,0.004011701,8.5286e-06,0,7.07372e-05,39,250,331,2,20,1,56.74113475,6.26913e-05,2490.814491
259,xyXplN23ALM,1,23,0.003800323,4.03822e-06,0,0.000486605,32,19575,1123,10,151,1,7.811379464,0.00140921,10251.42646
